"Value","Description"
20,"ALERT - U.S. COAST GUARD VESSELS"
21,"VIGILANT - U.S. COAST GUARD VESSELS"
22,"UNIMAK - U.S. COAST GUARD VESSELS"
23,"VIGOROUS - U.S. COAST GUARD VESSELS"
24,"INGHAM - U.S. COAST GUARD VESSELS"
25,"ACTIVE - U.S. COAST GUARD VESSELS"
26,"TAMAROA - U.S. COAST GUARD VESSELS"
27,"TANEY - U.S. COAST GUARD VESSELS"
28,"CHILULA - U.S. COAST GUARD VESSELS"
29,"DECISIVE - U.S. COAST GUARD VESSELS"
30,"CHEROKEE - U.S. COAST GUARD VESSELS"
31,"DUANE - U.S. COAST GUARD VESSELS"
32,"SHERMAN - U.S. COAST GUARD VESSELS"
33,"RELIANCE - U.S. COAST GUARD VESSELS"
34,"JEFFERSON ISLAND - U.S. COAST GUARD VESSELS"
35,"JUNIPER - U.S. COAST GUARD VESSELS"
36,"HAMMERHEAD - U.S. COAST GUARD VESSELS"
37,"NORTHLAND - U.S. COAST GUARD VESSELS"
38,"GRAND ISLE - U.S. COAST GUARD VESSELS"
39,"CAMPBELL - U.S. COAST GUARD VESSELS"
40,"SHEARWATER - U.S. COAST GUARD VESSELS"
41,"COCHITO - U.S. COAST GUARD VESSELS"
42,"DEPENDABLE - U.S. COAST GUARD VESSELS"
43,"TYBEE - U.S. COAST GUARD VESSELS"
44,"SPENCER - U.S. COAST GUARD VESSELS"
45,"HOLLYHOCK - U.S. COAST GUARD VESSELS"
46,"DALLAS - U.S. COAST GUARD VESSELS"
47,"TAHOMA - U.S. COAST GUARD VESSELS"
48,"WILLOW - U.S. COAST GUARD VESSELS"
49,"SENECA - U.S. COAST GUARD VESSELS"
50,"CHINOOK - U.S. COAST GUARD VESSELS"
51,"MIGNON - U.S. COAST GUARD VESSELS"
52,"ESCANABA - U.S. COAST GUARD VESSELS"
53,"LEGARE - U.S. COAST GUARD VESSELS"
54,"FINBACK - U.S. COAST GUARD VESSELS"
55,"TIGERSHARK - U.S. COAST GUARD VESSELS"
58,"USCG SMALL VESSEL - U.S. COAST GUARD VESSELS"
59,"UNID./OTHER USCG VESSEL - U.S. COAST GUARD VESSELS"
60,"ALBATROSS IV - NOAA VESSELS"
61,"GEORGE B. KELEZ - NOAA VESSELS"
62,"MT. MITCHELL - NOAA VESSELS"
63,"DELAWARE - NOAA VESSELS"
64,"ADVANCE - NOAA VESSELS"
65,"OREGON II - NOAA VESSELS"
66,"NANCY FOSTER - NOAA VESSELS"
67,"GORDON GUNTER - NOAA VESSELS"
68,"BIGELOW - NOAA VESSELS"
69,"GLORIA MICHELLE - NOAA VESSELS"
74,"MISC./MIXED NOAA VESSELS - NOAA VESSELS"
75,"WIECZNO - FOREIGN RESEARCH VESSELS"
76,"ANTON DOHRN - FOREIGN RESEARCH VESSELS"
77,"ARGUS - FOREIGN RESEARCH VESSELS"
78,"ALLIOT - FOREIGN RESEARCH VESSELS"
79,"BELAGORSK - FOREIGN RESEARCH VESSELS"
80,"EVRIKA - FOREIGN RESEARCH VESSELS"
90,"HENLOPEN - INSTITUTIONAL RESEARCH VESSELS"
91,"OCEANUS - INSTITUTIONAL RESEARCH VESSELS"
92,"ANNANDALE - INSTITUTIONAL RESEARCH VESSELS"
93,"ENDEAVOR - INSTITUTIONAL RESEARCH VESSELS"
94,"ALERT (EPA CHARTER) - INSTITUTIONAL RESEARCH VESSELS"
95,"CHALLENGE - INSTITUTIONAL RESEARCH VESSELS"
96,"BELUGA - INSTITUTIONAL RESEARCH VESSELS"
97,"JERE A. CHASE - INSTITUTIONAL RESEARCH VESSELS"
98,"TRIDENT - INSTITUTIONAL RESEARCH VESSELS"
99,"NEREID - INSTITUTIONAL RESEARCH VESSELS"
100,"HALOS - INSTITUTIONAL RESEARCH VESSELS"
101,"LAURI LEE - INSTITUTIONAL RESEARCH VESSELS"
102,"JOHN M. KINGSBURY (SML) - INSTITUTIONAL RESEARCH VESSELS"
103,"ARGO MAINE - INSTITUTIONAL RESEARCH VESSELS"
104,"SEWARD JOHNSON - INSTITUTIONAL RESEARCH VESSELS"
105,"INDIGO - INSTITUTIONAL RESEARCH VESSELS"
106,"LADY HAMMOND - INSTITUTIONAL RESEARCH VESSELS"
107,"SHEARWATER (PCCS) - INSTITUTIONAL RESEARCH VESSELS"
108,"GANNET (PCCS) - INSTITUTIONAL RESEARCH VESSELS"
109,"HANNAH T (PCCS/WHOI) - INSTITUTIONAL RESEARCH VESSELS"
110,"DIXIE (PCCS) - INSTITUTIONAL RESEARCH VESSELS"
111,"PELICAN - INSTITUTIONAL RESEARCH VESSELS"
112,"JOHN B HEISER (SML) - INSTITUTIONAL RESEARCH VESSELS"
113,"SILVER (WCNE) - INSTITUTIONAL RESEARCH VESSELS"
114,"GALATEA (NEA) - INSTITUTIONAL RESEARCH VESSELS"
115,"TIOGA (WHOI) - INSTITUTIONAL RESEARCH VESSELS"
116,"SHELAGH - INSTITUTIONAL RESEARCH VESSELS"
117,"CALLISTO - INSTITUTIONAL RESEARCH VESSELS"
118,"CONNECTICUT (UCONN) - INSTITUTIONAL RESEARCH VESSELS"
119,"SHACKLETON (PCCS) - INSTITUTIONAL RESEARCH VESSELS"
120,"IBIS (PCCS) - INSTITUTIONAL RESEARCH VESSELS"
121,"MYSTICETE (WCNE) - INSTITUTIONAL RESEARCH VESSELS"
122,"AUK (SBNMS) - INSTITUTIONAL RESEARCH VESSELS"
123,"HUGH SHARP (UDEL) - INSTITUTIONAL RESEARCH VESSELS"
124,"JUNET (NEA) - INSTITUTIONAL RESEARCH VESSELS"
125,"MARINDIN (UMASS-BOSTON) - INSTITUTIONAL RESEARCH VESSELS"
126,"MISC. NEAQ CHARTER - INSTITUTIONAL RESEARCH VESSELS"
127,"MISC./UNKNOWN WHOI - INSTITUTIONAL RESEARCH VESSELS"
128,"OCEAN EXPLORER - INSTITUTIONAL RESEARCH VESSELS"
129,"OCEAN RESEARCHER - INSTITUTIONAL RESEARCH VESSELS"
130,"USNS BARTLETT - OTHER RESEARCH VESSELS"
131,"MARLIN - OTHER RESEARCH VESSELS"
132,"ABEL J - OTHER RESEARCH VESSELS"
133,"NAVAHO - OTHER RESEARCH VESSELS"
134,"ESPERANZA (GREENPEACE) - OTHER RESEARCH VESSELS"
135,"AQUAMONITOR (MWRA/BATELLE) - OTHER RESEARCH VESSELS"
136,"SELKIE (RHIB) - INSTITUTIONAL RESEARCH VESSELS"
137,"EASTERLY - INSTITUTIONAL RESEARCH VESSELS"
139,"MISC./OTHER - OTHER RESEARCH VESSELS"
150,"REGINA MARIS - SAILING RESEARCH VESSELS"
151,"WESTWARD - SAILING RESEARCH VESSELS"
152,"SIRIUS - SAILING RESEARCH VESSELS"
153,"CORWITH CRAMER - SAILING RESEARCH VESSELS"
154,"BALAENA (HAL WHITEHEAD’S) - SAILING RESEARCH VESSELS"
155,"SEDNA IV - SAILING RESEARCH VESSELS"
156,"ROSITA - SAILING RESEARCH VESSELS"
157,"SPIRIT OF MASSACHUSETTS - SAILING RESEARCH VESSELS"
170,"MISS OCEAN CITY - WHALE/BIRD WATCH VESSELS"
171,"DOLPHIN FLEET - WHALE/BIRD WATCH VESSELS"
173,"VIKING QUEEN - WHALE/BIRD WATCH VESSELS"
174,"VIKING STARSHIP  - WHALE/BIRD WATCH VESSELS"
175,"SUPER SQUIRREL II  - WHALE/BIRD WATCH VESSELS"
176,"VOYAGER - WHALE/BIRD WATCH VESSELS"
177,"FINBACK - WHALE/BIRD WATCH VESSELS"
178,"CETACEAN QUEST - WHALE/BIRD WATCH VESSELS"
179,"FRANCES FLEET - WHALE/BIRD WATCH VESSELS"
180,"MISS CAPE ANN - WHALE/BIRD WATCH VESSELS"
181,"MISS GLOUCESTER - WHALE/BIRD WATCH VESSELS"
182,"CAPT. JOHN FLEET - WHALE/BIRD WATCH VESSELS"
183,"ELSIE MANOTA - WHALE/BIRD WATCH VESSELS"
184,"NORWOOD BOAT TOURS (N.S.) - WHALE/BIRD WATCH VESSELS"
185,"QUODDY LINK (N.B.) - WHALE/BIRD WATCH VESSELS"
186,"SEA WATCH TOURS (N.B.) - WHALE/BIRD WATCH VESSELS"
187,"PORTUGUESE PRINCESS - WHALE/BIRD WATCH VESSELS"
188,"SEAFARER (NEA) - WHALE/BIRD WATCH VESSELS"
189,"GRANITE STATE - WHALE/BIRD WATCH VESSELS"
190,"FRIENDSHIP - WHALE/BIRD WATCH VESSELS"
191,"BAR HARBOR/ALLIED WHALE - WHALE/BIRD WATCH VESSELS"
192,"TALES OF THE SEA - WHALE/BIRD WATCH VESSELS"
193,"MINGAN ISLAND CETACEAN STUDY - INSTITUTIONAL RESEARCH VESSELS"
194,"HELEN H - INSTITUTIONAL RESEARCH VESSELS"
199,"MISC./OTHER WHALE-WATCH VESSEL - WHALE/BIRD WATCH VESSELS"
250,"STONE HORSE - CETAP CHARTER"
251,"WALTER E. PHIPPS - CETAP CHARTER"
252,"THREE OF A KIND - CETAP CHARTER"
253,"WHEN AND IF - CETAP CHARTER"
254,"FLYING SORCERESS - CETAP CHARTER"
255,"TIOGA - CETAP CHARTER"
265,"CANADIAN WHALING VESSEL, BLANDFORD STATION - FOREIGN FISHING VESSELS"
267,"D.F.O VESSELS (INCL. CHARTERS) - CANADIAN VESSELS"
290,"CHRISTINA M. - COMMERCIAL FISHING VESSELS"
298,"NOAA FISHERY OBSERVER - COMMERCIAL FISHING VESSELS"
299,"MISC./OTHER FISHING VESSEL - COMMERCIAL FISHING VESSELS"
311,"MAURICE EWING - SEISMIC VESSELS"
312,"WESTERN MONARCH - SEISMIC VESSELS"
313,"VERITAS VIKING - SEISMIC VESSELS"
314,"AKADEMIK SHATSKIY - SEISMIC VESSELS"
315,"GECO DIAMOND - SEISMIC VESSELS"
316,"GECO TRITON - SEISMIC VESSELS"
317,"GECO TOPAZ - SEISMIC VESSELS"
318,"GECO SIGMA - SEISMIC VESSELS"
319,"GECO RHO - SEISMIC VESSELS"
320,"WESTERN ORIENT - SEISMIC VESSELS"
321,"WESTERN ALEUTIAN - SEISMIC VESSELS"
322,"POLAR DUKE - SEISMIC VESSELS"
323,"ZOD 2 - SEISMIC VESSELS"
324,"UNKNOWN SEISMIC VESSEL - SEISMIC VESSELS"
326,"DINA POLARIS - SEISMIC VESSELS"
327,"FUGRO DISCOVERY - SEISMIC VESSELS"
328,"FUGRO ENTERPRISE - SEISMIC VESSELS"
375,"MISS OCEAN CITY - CHARTER FISHING VESSELS"
376,"FLYING SORCERESS - CHARTER FISHING VESSELS"
377,"YANKEE CAPTAIN - CHARTER FISHING VESSELS"
378,"SEA DOLL MEDITATION - CHARTER FISHING VESSELS"
379,"LUCKY SEVEN - CHARTER FISHING VESSELS"
380,"DIVECOM III - CHARTER FISHING VESSELS"
381,"SNEAK ATTACK - CHARTER FISHING VESSELS"
382,"REUBY - CHARTER FISHING VESSELS"
383,"SEA HOLLY - CHARTER FISHING VESSELS"
384,"EZY DUZ IT - CHARTER FISHING VESSELS"
385,"ROMINIC - CHARTER FISHING VESSELS"
386,"GULF OF ST. LAWRENCE SNOW CRAB BOAT - CHARTER FISHING VESSELS"
399,"MISC. FISHING VESSELS & PARTY BOATS - CHARTER FISHING VESSELS"
425,"BLOCK ISLAND - PASSENGER FERRIES"
426,"MARINE EVANGELINE - PASSENGER FERRIES"
427,"CARIBE - PASSENGER FERRIES"
428,"BLUE NOSE - PASSENGER FERRIES"
429,"THE CAT - PASSENGER FERRIES"
444,"MISC./OTHER FERRY - PASSENGER FERRIES"
475,"ALASKAN SEAHORSE - TUGS AND WORK BOATS"
526,"SUB SIG - BLM CHARTER"
527,"EDGERTON  - BLM CHARTER"
528,"OCEANUS - BLM CHARTER"
529,"EASTWARD - BLM CHARTER"
530,"ELIZABETH - BLM CHARTER"
531,"ATLANTIC TWIN - BLM CHARTER"
551,"WALTER E. PHIPPS - MISCELLANEOUS VESSELS"
552,"SUNBEAM - MISCELLANEOUS VESSELS"
553,"TIOGA - MISCELLANEOUS VESSELS"
554,"BAGATELLE - MISCELLANEOUS VESSELS"
555,"STATE OF MAINE - MISCELLANEOUS VESSELS"
556,"VALHALLA - MISCELLANEOUS VESSELS"
557,"D’SONOQUA - MISCELLANEOUS VESSELS"
558,"SHEARWATER (Nova Scotia) - MISCELLANEOUS VESSELS"
559,"TODD & CHERIDA - MISCELLANEOUS VESSELS"
560,"SONG OF THE WHALE - MISCELLANEOUS VESSELS"
561,"ORION - MISCELLANEOUS VESSELS"
562,"CLOUD 9 - MISCELLANEOUS VESSELS"
563,"CAPTAIN’S LADY - MISCELLANEOUS VESSELS"
564,"DOMINION VICTORY - MISCELLANEOUS VESSELS"
570,"INFLATABLE DEPLOYED FROM OTHER VESSEL - MISCELLANEOUS VESSELS"
571,"MISC. SMALL BOAT/INFLATABLE - MISCELLANEOUS VESSELS"
572,"CAMPOBELLO WHALE RESCUE BOAT - MISCELLANEOUS VESSELS"
575,"WHOI MISCELLANEOUS (WATKINS) - MISCELLANEOUS VESSELS"
576,"MASSACHUSETTS ENVIRONMENTAL POLICE - MISCELLANEOUS VESSELS"
577,"U. S. NAVY - MISCELLANEOUS VESSELS"
578,"MAINE MARINE PATROL - MISCELLANEOUS VESSELS"
580,"PRIVATE YACHTS (SAIL/POWER) - MISCELLANEOUS VESSELS"
581,"MISC. RECREATIONAL VESSEL - MISCELLANEOUS VESSELS"
582,"DREDGE - MISCELLANEOUS VESSELS"
583,"MERCHANT VESSEL - MISCELLANEOUS VESSELS"
584,"PILOT BOAT - MISCELLANEOUS VESSELS"
585,"TUGBOAT - MISCELLANEOUS VESSELS"
586,"MISC. COAST GUARD OPPOR/HIST - MISCELLANEOUS VESSELS"
587,"CRUISE SHIP - MISCELLANEOUS VESSELS"
588,"MISC. FOREIGN R/V OPPOR/HIST - MISCELLANEOUS VESSELS"
589,"MISC. INSTITUTIONAL R/V OPPOR/HIST - MISCELLANEOUS VESSELS"
590,"MISC. HARBOR MASTER/POLICE VESSEL - MISCELLANEOUS VESSELS"
591,"MISC. WHALE/BIRD WATCH OPPOR/HIST - MISCELLANEOUS VESSELS"
593,"MISC. COMMERCIAL F/V OPPOR/HIST - MISCELLANEOUS VESSELS"
594,"MISC. CHARTER F/V OPPOR/HIST - MISCELLANEOUS VESSELS"
595,"MISC. MERCHANT VESSEL OPPORT. - MISCELLANEOUS VESSELS"
596,"MISC. NAVAL VESSEL OPPORT. - MISCELLANEOUS VESSELS"
597,"MISC. YACHT OPPOR/HIST. - MISCELLANEOUS VESSELS"
599,"MISC. OTHER OPPOR/HIST - MISCELLANEOUS VESSELS"
600,"UNITED HELICOPTERS - HELICOPTERS"
601,"USCG SHIP-BASED - HELICOPTERS"
602,"MASSACHUSETTS ENVIRONMENTAL POLICE - HELICOPTERS"
603,"USCG HELICOPTER - HELICOPTERS"
604,"DFO HELICOPTER - HELICOPTERS"
605,"MISC. HELICOPTER - HELICOPTERS"
620,"PRIVATE DRONE - PRIVATE AIRCRAFT"
625,"PRIVATE AIRCRAFT - PRIVATE AIRCRAFT"
626,"SKYMASTER (AERO-MARINE) - DEDICATED AIRCRAFT"
627,"AT-11 (AERO-MARINE)  - DEDICATED AIRCRAFT"
628,"ISLANDER (NEW ENGLAND AIRWAYS) - DEDICATED AIRCRAFT"
629,"SKYMASTER (KATONA CHARTER) - DEDICATED AIRCRAFT"
630,"CESSNA 150 (KATONA CHARTER) - DEDICATED AIRCRAFT"
631,"CESSNA 206 (CETAP RECON CHARTER) - DEDICATED AIRCRAFT"
632,"PIPER AZTEC (AERO-MARINE) - DEDICATED AIRCRAFT"
633,"NOAA TWIN OTTER - DEDICATED AIRCRAFT"
634,"NOAA (CHARTER) WIGEON - DEDICATED AIRCRAFT"
635,"NOAA (CHARTER) GOOSE - DEDICATED AIRCRAFT"
636,"NOAA SHRIKE - DEDICATED AIRCRAFT"
638,"Aero-Commander"
640,"FISHERIES PATROL-CAPE COD - U.S. COAST GUARD AIRCRAFT"
641,"FISHERIES PATROL-CAPE HATTERAS - U.S. COAST GUARD AIRCRAFT"
642,"HARBOR PATROL - U.S. COAST GUARD AIRCRAFT"
643,"RADIOTHERMOGRAPHY (ART) - U.S. COAST GUARD AIRCRAFT"
645,"NEW ENGLAND AIRWAYS - MISCELLANEOUS AIRCRAFT"
646,"SOUTHEAST MISC. - MISCELLANEOUS AIRCRAFT"
647,"BAY OF FUNDY/BROWNS BANK MISC. - MISCELLANEOUS AIRCRAFT"
648,"CAPE COD BAY MISC. - MISCELLANEOUS AIRCRAFT"
649,"OTHER SKYMASTER - MISCELLANEOUS AIRCRAFT"
650,"FISHSPOTTER - MISCELLANEOUS AIRCRAFT"
651,"PARTENAVIA - MISCELLANEOUS AIRCRAFT"
652,"MISC. LOW-WING, TWIN ENGINE - MISCELLANEOUS AIRCRAFT"
653,"OTHER TWIN OTTER - MISCELLANEOUS AIRCRAFT"
654,"Aircam (ASWH)"
655,"MISC. CANADIAN AIRCRAFT - DFO, TRANSPORT CANADA, A&P, ETC - MISCELLANEOUS AIRCRAFT"
661,"METLIFE AIRSHIP - MISCELLANEOUS AIRCRAFT"
662,"FUJI AIRSHIP - MISCELLANEOUS AIRCRAFT"
663,"AIRSHIP SHAMU - MISCELLANEOUS AIRCRAFT"
664,"VIRGIN LIGHTSHIP - MISCELLANEOUS AIRCRAFT"
665,"U.S. NAVY AIRSHIP - MISCELLANEOUS AIRCRAFT"
669,"MISC. OTHER AIRSHIP - MISCELLANEOUS AIRCRAFT"
691,"MISC. COAST GUARD OPPOR/HIST - MISCELLANEOUS AIRCRAFT"
695,"NAVY ANTI-SUBMARINE WARFARE ENVIRONMENTAL PREDICTION SERVICES (ASWEPS) - MISCELLANEOUS AIRCRAFT"
699,"MISC. OTHER OPPOR/HIST - MISCELLANEOUS AIRCRAFT"
700,"SHORE STATION - OTHER"
701,"Whale Alert app"
702,"DFO Whale Alert system"
703,"YouTube"
704,"other Internet source"
800,"MISC./MIXED PLATFORMS OPPOR/HIST - OTHER"
801,"mixed platforms, photoid catalog"
802,"tagged animal locations from catalog or NEFSC/SAS"
803,"mixed platforms, stranding data"
804,"literature"
900,"UNKNOWN - OTHER"
266,"CANADIAN COAST GUARD - CANADIAN VESSELS"
268,"R/V LEEWAY ODYSSEY - INSTITUTIONAL RESEARCH VESSELS"
280,"MISC./UNKNOWN CANADIAN VESSEL - CANADIAN VESSELS"
325,"FUGRO EXPLORER - SEISMIC VESSELS"
573,"TOWBOAT OR SIMILAR VESSEL - MISCELLANEOUS VESSELS"
637,"APEM HIGH-RESOLUTION PHOTO SURVEY AIRCRAFT (PARTENAVIA) - DEDICATED AIRCRAFT"